Coleccion,Campo
HistorialCarritos,id
HistorialCarritos,usuarioId
HistorialCarritos,productoIds
HistorialCarritos,fecha
Visualizaciones,id
Visualizaciones,usuarioId
Visualizaciones,productoId
Visualizaciones,fecha
Envios,id
Envios,solicitudId
Envios,vendedorId
Envios,compradorId
Envios,codigoSeguimiento
Envios,estado
Envios,fechaEstimada
Envios,fechaActualizacion
Categorias,id
Categorias,nombre
Categorias,grupo
Categorias,especificaciones
Categorias,activa
Categorias,fechaCreacion
Categorias,creadaPor
Categorias,icono
Productos,id
Productos,nombre
Productos,categoria
Productos,precio
Productos,marca
Productos,descripcion
Productos,vendedorId
Productos,compradorId
Productos,fechaPublicacion
Productos,estadoVenta
Productos,imagenBase64
Productos,estado
Productos,stock
Productos,descuento
ChatMensajes,id
ChatMensajes,usuarioId
ChatMensajes,contenido
ChatMensajes,rol
ChatMensajes,timestamp
ChatsPedidos,id
ChatsPedidos,solicitudId
ChatsPedidos,compradorId
ChatsPedidos,vendedorId
ChatsPedidos,productoId
ChatsPedidos,mensajes
Mensajes,id
Mensajes,solicitudId
Mensajes,emisorId
Mensajes,receptorId
Mensajes,contenido
Mensajes,fecha
Mensajes,leido
Solicitudes,id
Solicitudes,tipoSolicitud
Solicitudes,usuarioId
Solicitudes,estado
Solicitudes,fechaSolicitud
Solicitudes,productoId
Solicitudes,nombreProducto
Solicitudes,nombreComprador
Solicitudes,vendedorId
Solicitudes,direccionComprador
Solicitudes,correoComprador
Solicitudes,numeroContactoComprador
Solicitudes,descripcionVendedor
Solicitudes,nombreCompleto
Solicitudes,correo
Solicitudes,telefono
Solicitudes,direccion
Solicitudes,motivo
Solicitudes,comentarioAdmin
Solicitudes,fechaRespuesta
Solicitudes,estadoSeguimiento
Usuarios,id
Usuarios,nombreUsuario
Usuarios,contrasena
Usuarios,roles
Usuarios,email
Usuarios,fechaNacimiento
Usuarios,edad
Usuarios,fechaCreacion
Usuarios,ciudad
Usuarios,departamento
Usuarios,telefono
Usuarios,estadoCuenta
Usuarios,imagenPerfil
Usuarios,fondoPerfil
Carritos,id
Carritos,usuarioId
Carritos,productoIds
Carritos,fechaCreacion
Combos,id
Combos,nombre
Combos,productoIds
Combos,precioOriginal
Combos,precioCombo
Notificaciones,id
Notificaciones,usuarioId
Notificaciones,mensaje
Notificaciones,fecha
Notificaciones,leida
Notificaciones,enlace
Reseñas,id
Reseñas,productoId
Reseñas,usuarioId
Reseñas,nombreUsuario
Reseñas,titulo
Reseñas,comentario
Reseñas,puntuacion
Reseñas,compraVerificada
Reseñas,fotosBase64
Reseñas,votosUtiles
Reseñas,votosInutiles
Reseñas,fecha
